{
  "step": 322,
  "val_loss": 0.41728107780218127,
  "val_wer": 0.1671018276762402
}